sad,drunk,english
https://www.youtube.com/watch?v=tJGBVigwPlU,https://www.youtube.com/watch?v=zaCbuB3w0kg&list=RDzaCbuB3w0kg&start_radio=1,https://www.youtube.com/watch?v=1z8NpmCqvZE
https://www.youtube.com/watch?v=oRZ0cfZ9SeU,https://www.youtube.com/watch?v=RDFcZdWl9JM,https://www.youtube.com/watch?v=Pkh8UtuejGw
https://www.youtube.com/watch?v=zaCbuB3w0kg,https://www.youtube.com/watch?v=PqGn1GTmEJs,https://www.youtube.com/watch?v=QYh6mYIJG2Y
https://www.youtube.com/watch?v=LKCuJcjqOwI&list=RDoRZ0cfZ9SeU&index=2,https://www.youtube.com/watch?v=xJOe3Dubfmg,https://www.youtube.com/watch?v=3AyMjyHu1bA&list=PLO7-VO1D0_6N2ePPlPE9NKCgUBA15aOk2
https://www.youtube.com/watch?v=1ap_cUpy4_M&list=RDoRZ0cfZ9SeU&index=10,https://www.youtube.com/watch?v=NSXK3fBDD0c,https://www.youtube.com/watch?v=Nj2U6rhnucI&list=PLO7-VO1D0_6N2ePPlPE9NKCgUBA15aOk2&index=2
https://www.youtube.com/watch?v=snlMgtN-9p0,https://www.youtube.com/watch?v=daFPRysCU3E,https://www.youtube.com/watch?v=f0kl9se_PPM&list=PLO7-VO1D0_6N2ePPlPE9NKCgUBA15aOk2&index=3
https://www.youtube.com/watch?v=O4Qiv4F49t8,https://www.youtube.com/watch?v=LM6nIqLQbFk,https://www.youtube.com/watch?v=2zToEPpFEN8&list=PLO7-VO1D0_6N2ePPlPE9NKCgUBA15aOk2&index=4
https://www.youtube.com/watch?v=1cDoRqPnCXU,https://www.youtube.com/watch?v=EWH79cL30cA,https://www.youtube.com/watch?v=L7mfjvdnPno&list=PLO7-VO1D0_6N2ePPlPE9NKCgUBA15aOk2&index=5
https://www.youtube.com/watch?v=BkA0lq-0f14,https://www.youtube.com/watch?v=eXBkFr_s3Bc,https://www.youtube.com/watch?v=4NRXx6U8ABQ&list=PLO7-VO1D0_6N2ePPlPE9NKCgUBA15aOk2&index=6
